{
  "Comment": "AWS Utilization Reporting Workflow (EC2 + RDS)",
  "StartAt": "EC2_Inventory",
  "States": {
    "EC2_Inventory": {
      "Type": "Task",
      "Resource": "arn:aws:lambda:ap-south-1:143353053031:function:ec2-fetch-inventory",
      "ResultPath": "$.EC2_Inventory",
      "Next": "RDS_Inventory",
      "Retry": [
        {
          "ErrorEquals": [
            "States.ALL"
          ],
          "IntervalSeconds": 2,
          "MaxAttempts": 3,
          "BackoffRate": 2
        }
      ],
      "Catch": [
        {
          "ErrorEquals": [
            "States.ALL"
          ],
          "Next": "FailState"
        }
      ]
    },
    "RDS_Inventory": {
      "Type": "Task",
      "Resource": "arn:aws:lambda:ap-south-1:143353053031:function:rds-fetch-inventory",
      "ResultPath": "$.RDS_Inventory",
      "Next": "Split_EC2_RDS",
      "Retry": [
        {
          "ErrorEquals": [
            "States.ALL"
          ],
          "IntervalSeconds": 2,
          "MaxAttempts": 3,
          "BackoffRate": 2
        }
      ],
      "Catch": [
        {
          "ErrorEquals": [
            "States.ALL"
          ],
          "Next": "FailState"
        }
      ]
    },
    "Split_EC2_RDS": {
      "Type": "Task",
      "Resource": "arn:aws:lambda:ap-south-1:143353053031:function:rds-ec2-spliter",
      "ResultPath": "$.SplitResult",
      "Next": "Map_Metrics",
      "Retry": [
        {
          "ErrorEquals": [
            "States.ALL"
          ],
          "IntervalSeconds": 2,
          "MaxAttempts": 3,
          "BackoffRate": 2
        }
      ],
      "Catch": [
        {
          "ErrorEquals": [
            "States.ALL"
          ],
          "Next": "FailState"
        }
      ]
    },
    "Map_Metrics": {
      "Type": "Map",
      "ItemsPath": "$.SplitResult",
      "MaxConcurrency": 5,
      "ResultPath": "$.Metrics",
      "Iterator": {
        "StartAt": "Collect_Metrics",
        "States": {
          "Collect_Metrics": {
            "Type": "Task",
            "Resource": "arn:aws:lambda:ap-south-1:143353053031:function:parallel-metrics-functions",
            "End": true,
            "Retry": [
              {
                "ErrorEquals": [
                  "States.ALL"
                ],
                "IntervalSeconds": 2,
                "MaxAttempts": 3,
                "BackoffRate": 2
              }
            ],
            "Catch": [
              {
                "ErrorEquals": [
                  "States.ALL"
                ],
                "ResultPath": "$.error",
                "Next": "Ignore_Failure"
              }
            ]
          },
          "Ignore_Failure": {
            "Type": "Pass",
            "End": true
          }
        }
      },
      "Next": "Aggregate_Metrics"
    },
    "Aggregate_Metrics": {
      "Type": "Task",
      "Resource": "arn:aws:lambda:ap-south-1:143353053031:function:aggregate-metrics-lambda",
      "ResultPath": "$.Aggregated",
      "Next": "Generate_Reports",
      "Retry": [
        {
          "ErrorEquals": [
            "States.ALL"
          ],
          "IntervalSeconds": 2,
          "MaxAttempts": 3,
          "BackoffRate": 2
        }
      ],
      "Catch": [
        {
          "ErrorEquals": [
            "States.ALL"
          ],
          "Next": "FailState"
        }
      ]
    },
    "Generate_Reports": {
      "Type": "Task",
      "Resource": "arn:aws:lambda:ap-south-1:143353053031:function:genrate-word-excel-report",
      "End": true,
      "Retry": [
        {
          "ErrorEquals": [
            "States.ALL"
          ],
          "IntervalSeconds": 2,
          "MaxAttempts": 2,
          "BackoffRate": 2
        }
      ],
      "Catch": [
        {
          "ErrorEquals": [
            "States.ALL"
          ],
          "Next": "FailState"
        }
      ]
    },
    "FailState": {
      "Type": "Fail",
      "Cause": "AWS Utilization workflow failed"
    }
  }
}
